{"cameraMode":{"drawMode":0,"name":"Shaded","section":"Shading Mode"},"sceneLighting":true,"audioPlay":false,"sceneViewState":{"m_AlwaysRefresh":false,"showFog":true,"showSkybox":true,"showFlares":true,"showImageEffects":true,"showParticleSystems":true,"showVisualEffectGraphs":true,"m_FxEnabled":true},"in2DMode":false,"pivot":{"x":1.9039008617401124,"y":1.1173275709152222,"z":1.3497995138168336},"rotation":{"x":-0.0032732575200498106,"y":0.9949625730514526,"z":-0.03464854881167412,"w":-0.09400281310081482},"size":1.2247449159622193,"orthographic":false}